AA,47.00905216,-96.8151835
AAA,40.16011667,-89.33801561
AAT,41.48335388,-120.56154166
AB,45.38610597,-98.32851091
ABG,32.58549539,-95.11311944
ABI,32.48133058,-99.86345369
ABQ,35.04379558,-106.81631191
ABR,45.41735667,-98.36871961
ACE,59.64133444,-151.5002738
ACH,35.11170611,-105.0399289
ACK,41.28188728,-70.02671028
ACO,41.10790311,-81.20151892
ACT,31.66223103,-97.26901383
ACV,40.98144272,-124.1083168
ACY,39.45587481,-74.57631472
ADG,41.86998583,-84.07748078
ADK,51.87187647,-176.6759875
ADM,34.21158619,-97.16822803
ADW,38.80721944,-76.86625556
AE,35.21740108,-106.7128004
AEL,43.681735,-93.37075511
AEX,31.25673164,-92.50097242
AG,33.28688547,-81.94685314
AGC,40.27864386,-80.04085469
AGJ,31.1855045,-98.14185786
AGZ,43.06339128,-98.29316833
AHC,40.26786289,-120.1519654
AHN,33.94759358,-83.32475878
AHQ,41.23900138,-96.59866061
AI,40.0695273,-85.51068694
AIA,42.05563094,-102.8044436
AIK,33.6518005,-81.67697219
AIR,40.01702408,-80.81722894
AJA,13.45352656,144.7369334
AK,41.06973336,-81.38736764
AKN,58.72471258,-156.7523468
AKO,40.15555508,-103.1797147
AKQ,36.98281878,-77.00097261
AKW,55.56862103,-133.0813959
AL,46.17556583,-118.1963593
ALB,42.74728047,-73.80318397
ALD,33.01249422,-81.29223222
ALI,27.7397995,-98.02134289
ALJ,60.47982222,-146.5874306
ALO,42.55649656,-92.39892392
ALP,42.23869656,-76.76404975
ALS,37.34915894,-105.8155327
ALW,46.08697675,-118.2925353
AM,35.14646494,-101.8055469
AMG,31.536555,-82.50808881
AML,38.93459389,-77.46670236
AN,33.53433844,-85.93127041
ANC,61.16671261,-149.9944991
ANI,61.59015667,-159.5978927
ANN,55.06040861,-131.5783994
ANU,17.12588056,-61.80016667
ANW,42.56911389,-99.98966111
ANX,39.09542389,-94.12883472
ANY,37.15898203,-98.17077364
AP,44.96079108,-83.55993533
APA,39.57514111,-104.8451753
APE,40.15106272,-82.58830136
APN,45.08277864,-83.5570035
AQ,44.21594778,-88.39893903
AQE,35.70689011,-77.37187453
ARD,40.25334247,-74.90761239
ARG,36.11001992,-90.95369331
ARH,31.58558136,-110.3389843
ART,43.95213167,-76.06462686
ASP,44.44912814,-83.39428336
AST,46.20843611,-123.96542555
AT,39.84693708,-84.33492308
ATA,33.10420219,-94.19006172
ATR,38.80981022,-75.21132236
ATY,44.97968639,-97.14172236
AU,44.41091939,-69.86066622
AUG,44.32002036,-69.79656431
AUR,30.19852061,-93.42064031
AVE,35.64697556,-119.9786056
AW,48.07611997,-122.1539116
AWK,19.28658056,166.6273333
AXC,39.73752147,-88.8564315
AXN,45.95838825,-95.23263483
AY,31.32580664,-82.3977785
AYS,31.26942528,-82.55644556
AZ,42.13116328,-85.52974736
AZN,39.88381844,-94.90815189
AZO,42.23698592,-85.55315175
AZQ,37.39125422,-83.26300808
BA,39.32199339,-85.81859958
BAB,39.13479436,-121.4407558
BAD,32.50333889,-93.66776944
BAE,43.11685325,-88.28434406
BAF,42.16195908,-72.7161995
BAL,39.17106342,-76.66125625
BAM,40.56908061,-116.9222563
BAR,36.15345944,-81.87983528
BCE,37.68918744,-112.3038962
BDA,32.36438611,-64.6895725
BDE,48.72279664,-94.60728778
BDF,41.15973139,-89.58787306
BDH,45.11767053,-95.12706136
BDL,41.93254722,-72.687075
BDR,41.16070566,-73.1244863
BED,42.46527222,-71.28898056
BER,51.87123056,-176.6741111
BET,60.784837,-161.8243298
BFD,41.78638658,-78.61934856
BFF,41.894163,-103.4820316
BFI,47.52918806,-122.3042814
BFL,35.42495833,-119.0467694
BFM,30.61272106,-88.05549347
BFV,35.23694444,-99.20616667
BGD,35.80707253,-101.3821526
BGI,13.07504722,-59.48383056
BGQ,61.5694325,-149.9671591
BGR,44.84179497,-68.87396533
BGS,32.38558833,-101.4836828
BH,33.51152342,-86.84559206
BHM,33.56321528,-86.75548944
BIB,38.92034533,-88.48180464
BIE,40.30142758,-96.75464519
BIG,64.00446111,-145.7172472
BIH,37.37694992,-118.3665264
BIL,45.80855919,-108.6246476
BIS,46.76176119,-100.6654071
BIX,30.40708611,-88.92971389
BJA,44.47693647,-73.15675681
BJB,43.42198092,-88.12518803
BJC,39.91304025,-105.1389858
BK,44.35452667,-96.94681528
BKA,56.85940944,-135.5513122
BKE,44.8406,-117.8078708
BKF,39.70738611,-104.7523861
BKT,37.12742819,-78.04454342
BKW,37.78029967,-81.1234555
BLD,35.99579022,-114.8635789
BLF,37.30644031,-81.19426936
BLH,33.59606464,-114.7612734
BMI,40.48080469,-88.93126642
BML,44.63353333,-71.18619167
BMW,33.93535853,-83.58948042
BNA,36.13696036,-86.68477116
BNZ,30.06114642,-92.12327992
BO,36.39864125,-82.49626894
BOI,43.55281141,-116.19212561
BOS,42.35744991,-70.98954838
BOY,43.46315194,-108.2997122
BPI,42.57944744,-110.1092139
BPT,29.94605419,-94.01622092
BQN,18.49840327,-67.10842158
BQP,32.7546845,-91.88343386
BQS,39.63055556,-93.87527778
BQU,40.75967708,-115.7613768
BQZ,40.4637635,-106.8723015
BR,46.4566203,-94.02243002
BRA,35.27275169,-82.47103706
BRG,34.64972222,-106.8330556
BRK,38.94451003,-104.6334663
BRL,40.72345583,-90.92588972
BRO,25.92407217,-97.37526831
BRV,38.33625733,-77.35286553
BRW,71.27342631,-156.7881178
BRX,29.20856972,-100.6239731
BSR,36.18129556,-121.6421122
BSV,40.74070639,-81.43211711
BT,30.58291925,-91.21107913
BTG,45.74781103,-122.5915366
BTT,66.90500842,-151.5358829
BTV,44.39710472,-73.18263472
BTY,36.80059683,-116.7476408
BU,43.00031536,-78.65077272
BUA,45.55220194,-103.4563706
BUD,40.61659739,-83.06382639
BUF,42.9289915,-78.64634947
BUM,38.27208011,-94.48826111
BUP,44.69771839,-69.35859228
BUU,42.68932378,-88.30177906
BVG,31.33939167,-85.98194167
BVL,40.7260975,-113.7574172
BVO,36.83433472,-96.01843097
BVT,40.55617161,-87.06937447
BVY,42.61059389,-70.94327361
BW,36.88003703,-86.48159789
BWD,31.89258253,-98.95746019
BWG,36.96444444,-86.42333333
BWS,32.82126111,-106.0131528
BWZ,40.79843278,-74.8218325
BXK,33.45345611,-112.8245917
BXR,45.82127778,-92.36641667
BYI,42.58023936,-113.8658576
BYP,33.53748611,-96.23409444
BYT,41.93056166,-72.69987277
BZA,32.7681075,-114.6029464
BZJ,40.43563819,-76.55302219
BZM,35.86885389,-81.24052889
BZN,45.78389892,-111.1554549
BZQ,32.41537355,-81.66403297
CA,38.14492778,-97.27614444
CAE,33.85724986,-81.05390281
CAK,40.91627917,-81.44205889
CAM,42.99428883,-73.34401892
CBM,33.64153333,-88.43857222
CBU,45.588631,-122.6112524
CCC,40.92961883,-72.79885825
CCR,38.04492031,-122.0452073
CCT,37.38242172,-87.26370347
CCV,37.34753889,-75.99765278
CD,42.75518017,-103.1746585
CDB,55.26729461,-162.7739963
CDO,18.43415833,-69.66734167
CDS,34.36906503,-100.2890276
CE,30.85285317,-86.53660964
CEC,41.77957883,-124.2408471
CEF,42.19754433,-72.52631494
CEP,33.48988586,-105.4043378
CEW,30.82617375,-86.67914328
CEZ,37.38984978,-108.5617515
CFB,42.15749036,-76.13647161
CFJ,39.98094514,-86.91572625
CFX,40.23674372,-81.01329447
CFY,33.85568353,-79.76593153
CG,37.25334756,-89.70045528
CGG,44.68141817,-84.72859689
CGI,37.22753908,-89.57241108
CGL,58.35932547,-134.699451
CGT,41.51000658,-87.57154611
CH,32.97632419,-80.09745494
CHE,40.52008167,-107.304901
CHS,32.89431919,-80.03781427
CI,46.33252928,-84.54246672
CID,41.88754497,-91.78574786
CIM,36.49139694,-104.8719997
CIP,41.14629333,-79.45797386
CJ,39.79439553,-89.59222483
CK,36.52705833,-87.38675861
CKB,39.25321781,-80.26786161
CKH,21.26511222,-157.7029814
CKV,36.6219855,-87.41265336
CKW,41.75570944,-107.5819822
CL,30.49377222,-96.33779494
CLE,41.41895558,-81.85007147
CLL,30.60500172,-96.42068075
CLT,35.19028866,-80.95175344
CM,39.96618756,-88.18239253
CMA,34.21252069,-119.0943549
CME,33.33747867,-104.6212455
CMI,40.03453125,-88.2760755
CMJ,55.34217342,-131.6907652
CMK,41.28008942,-73.58132642
CMX,47.17026167,-88.485393
CNG,37.00860928,-88.83691278
CNH,43.36918192,-72.37118317
CNM,32.25661339,-104.2260376
CNP,41.07665556,-102.4588822
CNT,38.66833333,-115.5988889
CNU,37.62615903,-95.59347025
CNX,34.36701528,-105.6780047
CO,38.6944033,-104.71634602
COD,44.62045153,-108.9649173
COE,47.77369722,-116.8205883
COF,28.23768333,-80.61175833
COL,40.31162953,-74.15972847
CON,43.219787,-71.575453
COR,36.06605556,-119.5309444
COS,38.81638333,-104.6991389
COT,28.46201767,-99.11854503
COU,38.81082333,-92.21827389
COY,17.73444444,-64.70072222
CP,38.51988497,-90.05927033
CPN,46.032,-112.7475278
CPZ,28.87843739,-99.99438172
CQN,35.16653883,-85.15737197
CQX,41.69193389,-69.9877475
CQY,32.18572222,-96.21810278
CRE,33.81384094,-78.72452211
CRG,30.33887919,-81.50992733
CRI,40.61247222,-73.89444444
CRL,42.04802656,-83.45757292
CRN,61.10175,-155.5686472
CRP,27.90376592,-97.44488133
CS,32.45195833,-85.04193917
CSG,32.61525378,-85.01763
CSI,29.92235447,-99.21448569
CSN,38.64120214,-77.86549942
CSS,39.60089025,-83.39159236
CSX,38.75274442,-90.36095961
CSZ,32.06349639,-95.95762083
CTB,48.56494853,-112.3432544
CTF,34.65049806,-80.27491636
CTR,42.29131861,-72.94939417
CTW,40.22920861,-81.47647667
CTY,29.59900069,-83.048792
CTZ,34.97509483,-78.36193914
CUN,64.83858403,-147.4950784
CUS,31.8191005,-107.5744938
CUZ,41.4839755,-99.68904775
CV,32.26679152,-104.33851213
CVA,41.70854842,-90.48331367
CVC,33.631225,-83.84835
CVE,32.89031033,-96.90396692
CVG,39.01598078,-84.70334633
CVI,36.37291389,-76.87154472
CVO,44.49956536,-123.2936601
CVS,34.38058608,-103.3224241
CVV,48.24469444,-122.7244167
CW,30.30663672,-93.19619697
CWK,30.37855,-97.52984722
CX,30.43207958,-95.47626608
CXR,41.51692792,-81.16318589
CYN,39.81733792,-74.43162572
CYR,30.88816917,-84.15933081
CYS,41.21096703,-104.772915
CYY,26.15342747,-81.77810319
CZF,61.77601433,-166.04343716
CZI,43.99972778,-106.4357306
CZJ,31.83287664,-94.15378392
CZQ,36.88432222,-119.8151444
DAG,34.96245694,-116.5781664
DAL,32.855175,-96.8472
DAS,30.18971172,-94.64498444
DAY,39.89807881,-84.21523203
DBL,39.43934528,-106.8946803
DBN,32.56346014,-82.83004478
DBQ,42.40146908,-90.709078
DBS,44.08885333,-112.2093433
DCA,38.85945281,-77.03643611
DCM,34.78575333,-81.20082936
DCU,34.64831456,-86.93951275
DD,39.74297014,-83.02027403
DDC,37.85056075,-100.0056373
DDD,41.36629944,-91.14927925
DDP,18.46827861,-66.41239222
DDY,43.09085639,-106.2770244
DE,39.79045072,-88.95388814
DEC,39.87637133,-88.76467867
DEL,28.21415556,-105.4485667
DEN,39.81251405,-104.66074008
DET,42.40503722,-83.01630944
DGD,37.02346917,-92.87692278
DGG,68.03248611,-162.9041694
DHK,29.53695,-98.26781389
DHP,25.79996275,-80.34903508
DHT,36.09145653,-102.5446416
DIK,46.86003886,-102.7734998
DJB,41.35806497,-82.16196869
DJN,64.02345639,-145.6868267
DKK,42.4904,-79.27410278
DL,46.84571897,-92.35493739
DLF,29.36089167,-100.771725
DLG,58.99423375,-158.5522196
DLH,46.80216381,-92.20286919
DLL,43.55083197,-89.76362233
DLN,45.24857392,-112.5471298
DMA,32.15991583,-110.8809094
DMN,32.27555142,-107.6055013
DN,40.28959036,-87.52994392
DNI,33.82649911,-96.66889292
DNJ,44.76711258,-116.2062658
DNV,40.29376628,-87.55726017
DNW,43.82827806,-110.3354744
DNY,42.17828056,-74.95694056
DOB,33.91465278,-84.50731111
DOV,39.1324,-75.46740833
DPA,41.89037147,-88.35017747
DPK,40.79174961,-73.30365769
DPR,45.07817528,-101.7150714
DPY,47.96773886,-117.4263288
DQN,40.01644431,-84.39689811
DQO,39.67814014,-75.60708558
DR,29.44269444,-100.992275
DRK,34.70255225,-112.4803416
DRO,37.15325975,-107.7496259
DSD,44.25276078,-121.3035523
DSM,41.4376248,-93.64855794
DT,33.28310142,-97.19626219
DTA,39.30226217,-112.5055594
DTL,46.82552372,-95.88732269
DTW,42.23166667,-83.35833333
DUG,31.47267361,-109.6020536
DUT,53.90514603,-166.5478678
DVC,37.80873972,-108.9312739
DVK,37.57642278,-84.76403333
DVL,48.11521769,-98.91250839
DVN,41.61221389,-90.58496389
DVV,39.89468942,-104.624335
DWG,30.47823611,-86.52086667
DWN,45.0874625,-94.45384972
DXO,42.21313653,-83.36666267
DYB,33.06145781,-80.27718622
DYO,43.706144,-72.95660342
DYR,36.01854967,-89.31769164
DYS,32.41851111,-99.85705
DYY,37.6117663,-118.00816888
EAR,40.72560386,-99.00512536
EAT,47.39969239,-120.2108274
EAU,44.89767003,-91.47853497
ECB,38.1583625,-82.91005472
ECG,36.25757308,-76.17559775
ECH,55.35678161,-131.7092317
ECK,43.25588556,-82.71792944
ECS,43.88112803,-104.307771
EDF,61.25500833,-149.769175
EDN,31.29637444,-85.90273056
EDW,34.98236278,-117.7326083
EEA,39.47986944,-115.99185555
EED,34.76600417,-114.4741042
EEF,58.17096639,-135.2579175
EEN,42.79427778,-72.29177778
EFD,29.60595833,-95.15965225
EHF,35.48455436,-119.0972936
EHK,37.78733,-113.0682306
EHM,58.65602222,-162.0737444
EIC,32.77136472,-93.80992917
EIL,64.65379722,-147.0939472
EKN,38.91443583,-80.0992725
EKR,40.06744189,-107.9249496
EL,33.28606897,-92.72814963
ELA,29.66247942,-96.31712253
ELB,33.67603567,-117.7310913
ELD,33.25615381,-92.74394775
ELF,55.29614947,-162.7892405
ELN,47.02437419,-120.4584136
ELO,47.82189961,-91.83014033
ELP,31.81591027,-106.28188283
ELW,34.41918617,-82.78468372
ELX,42.14441236,-86.12270578
ELY,39.29812589,-114.8483048
ELZ,42.08964831,-77.99955922
EMG,32.40040556,-93.59514722
EMI,39.49500739,-76.97857197
EMP,38.29114303,-96.13811692
EMR,33.46280694,-81.99685636
ENA,60.61470211,-151.1952427
END,36.34496667,-97.91835556
ENE,43.42567214,-70.61352547
ENI,39.05321675,-123.2743267
ENL,38.41999869,-89.15899781
ENM,62.78458847,-164.487534
ENN,64.59000692,-149.0728578
ENO,39.23164669,-75.51596994
ENW,42.599077,-87.93167167
EOE,34.31103767,-81.63632858
EON,41.26963236,-87.79105347
EOS,36.84244842,-94.43570081
EPH,47.37791889,-119.4240039
EQQ,33.25694453,-84.71327
ERI,42.01739692,-80.29269817
ES,45.72273003,-87.22483744
ESC,45.72263528,-87.08959828
ESG,43.22022089,-70.82834794
ESL,39.22549278,-78.9895
ETG,41.21494972,-78.14275639
ETL,38.04025222,-108.2585744
ETX,40.58103903,-75.68403014
EUF,31.95025078,-85.1304795
EUG,44.12089842,-123.2228313
EVW,41.27248775,-111.0467665
EW,35.02162422,-77.07946183
EWA,32.36766667,-88.45716667
EWC,40.82493267,-80.21154556
EWM,31.95178611,-106.2724583
EWN,35.07314139,-77.04506581
EWO,37.63181139,-85.6758775
EWR,40.67434444,-74.17796666
EYW,24.58587828,-81.80047633
EZF,38.26634794,-77.45050914
EZM,32.13169206,-83.15394247
FAH,43.7687865,-87.84876864
FAI,64.80007047,-148.0119759
FAK,37.52850944,-77.82821917
FAM,37.67346147,-90.23405964
FAR,46.75333692,-96.85131897
FAY,34.98555122,-78.87506386
FBC,40.95533383,-83.75602461
FBR,41.37843997,-110.4240612
FBY,40.17667264,-97.16582442
FCA,48.21410244,-114.1758907
FCM,44.82535022,-93.44268831
FCS,38.68069853,-104.7569203
FDK,39.41223608,-77.37511608
FDV,64.49474644,-165.3150973
FF,46.21981633,-96.05768464
FFC,33.30091939,-84.48642669
FFM,46.28935194,-96.15681111
FFO,39.81897778,-84.05548056
FFT,38.18242303,-84.90862317
FFU,40.27489461,-111.9405315
FGT,44.63094403,-93.18205175
FHR,48.51213586,-123.0238623
FHU,31.58965606,-110.3549425
FIM,34.35669361,-118.8812911
FIQ,35.71021386,-81.67135411
FJC,40.72668728,-75.45474519
FJS,41.44966917,-122.8064475
FK,36.73700175,-87.41385142
FKL,41.43849833,-79.85670594
FLG,35.14719783,-111.6741628
FLL,26.07393981,-80.16644225
FLM,38.64944164,-84.31060158
FLO,34.23296814,-79.657161
FLP,36.29964628,-92.45838894
FLW,35.09308444,-119.8655786
FM,26.51612939,-81.95026975
FMG,39.53127736,-119.6560759
FMZ,40.58994578,-97.56805075
FND,39.28735172,-76.77701756
FNT,42.96677214,-83.74696756
FNX,43.63775556,-94.41319722
FO,42.514493,-94.30557825
FOD,42.61112497,-94.29481614
FOE,38.94737016,-95.66117905
FOF,14.59075,-61.02280556
FOK,40.83777506,-72.631841
FOT,40.67127158,-124.2345363
FOW,44.20444444,-93.3705
FQ,43.57365894,-94.31798381
FQF,39.69013889,-104.6209722
FQM,41.3385585,-76.77486658
FR,40.77652778,-73.48241667
FRA,37.10442083,-119.5954456
FRI,38.97016411,-96.86117228
FS,43.49395692,-96.82905522
FSD,43.64948347,-96.78111678
FSI,34.78137361,-98.40230444
FSM,35.38840764,-94.27152422
FST,30.95210706,-102.9757114
FT,32.89301494,-97.37338406
FTI,35.6575495,-105.1355964
FTK,37.90721692,-85.97256364
FTW,32.82000278,-97.36413889
FTZ,38.69433369,-90.97126933
FUZ,32.88944864,-97.17942608
FVI,41.01616666,-121.43341666
FVQ,33.13017222,-117.2759
FWA,40.97906431,-85.18805811
FWC,38.38017647,-88.40934889
FXU,31.11146139,-93.21917472
FYU,66.57425378,-145.2766571
FZ,38.67736014,-90.54732614
FZT,32.07460417,-95.53079056
GAD,33.97640306,-86.08355694
GAL,64.73814008,-156.7771316
GAM,63.7818755,-171.7367782
GB,42.87388811,-78.81645197
GBG,40.93734333,-90.43446361
GBN,32.95625833,-112.6742717
GC,44.27090325,-105.5222346
GCC,44.34777292,-105.5434859
GCK,37.91900372,-100.7250086
GCN,35.96034028,-112.1460463
GCO,41.99408889,-87.90232778
GCR,60.49875625,-145.4744672
GCV,31.09795972,-88.48612889
GDE,30.07047208,-94.21103544
GDM,42.54592083,-72.05818822
GDV,47.13337222,-104.8047389
GEE,42.83439639,-77.73275083
GEF,30.55134167,-83.78313278
GEG,47.56494583,-117.62688583
GEP,45.14568489,-93.37318094
GF,43.25501361,-73.60511111
GFK,47.95483336,-97.18537044
GFS,35.13114528,-115.1764403
GGF,40.87094056,-101.73045
GGG,32.41775586,-94.7531945
GGT,42.78895583,-75.82674722
GGW,48.21530436,-106.6254192
GHJ,35.19147089,-81.15785553
GHM,35.83392175,-87.4517625
GIJ,41.76861125,-86.31845189
GKN,62.15375306,-145.4473649
GL,45.01465197,-84.80796494
GLD,39.38786783,-101.6922966
GLH,33.52353083,-90.9829375
GLJ,34.95237353,-120.5214809
GLL,40.50386561,-104.5530132
GLR,45.01248583,-84.70427872
GM,34.78016758,-82.3497875
GMA,44.36234364,-71.6859055
GMN,34.80402861,-118.8613603
GNL,31.58147664,-96.54908936
GNP,35.92090033,-95.96865142
GNV,29.69211469,-82.27297244
GOG,35.89425,-115.4960833
GOI,37.95873925,-85.97667114
GON,41.33040205,-72.05198461
GP,30.48561889,-89.16231594
GPQ,33.56579436,-85.13105314
GPT,30.40683133,-89.07678122
GPZ,47.16344364,-93.4889325
GQE,35.34702972,-90.47815889
GQO,34.96127361,-85.15336903
GR,42.89564205,-85.37864311
GRB,44.55516003,-88.19485719
GRD,34.25156611,-82.15414889
GRI,40.98402778,-98.31477778
GRK,31.03288647,-97.81379103
GRN,42.80108214,-102.179394
GRO,14.17161522,145.239999
GRV,39.63503111,-79.05052778
GSB,35.33519789,-77.97131581
GSH,41.52515517,-86.02795322
GSO,36.045693,-79.976371
GSU,33.63356388,-84.41218888
GTF,47.44998008,-111.4121648
GTH,33.77827722,-100.3361964
GTK,21.44065822,-71.13436617
GTN,38.92989917,-77.12421569
GTP,30.95755522,-83.82667147
GUP,35.47599917,-108.8726117
GUS,40.64490556,-86.15171389
GUY,36.70536619,-101.5050952
GVB,30.88161367,-89.86211736
GVE,38.01359939,-78.15302658
GVO,34.53132017,-120.0910883
GVR,38.75833889,-85.47064444
GW,41.30828633,-84.94408136
GXU,40.009475,-74.59651111
GYG,44.74995714,-84.8282205
GYZ,42.23992236,-104.7142826
GZG,36.82510678,-82.07897914
HAB,34.19876964,-88.01161836
HAH,31.6903025,-91.29310008
HAR,40.30223972,-77.06955889
HAU,46.56890017,-111.7580637
HB,35.97811867,-79.58484094
HBR,34.86655447,-99.06338497
HBT,55.31566647,-160.5183943
HBU,38.45211642,-107.0397141
HCH,35.78101306,-84.97845222
HCM,37.44865989,-76.71135392
HCT,40.45406083,-100.9235733
HDF,33.77632975,-117.1853244
HEC,34.79701792,-116.462922
HEM,35.98799458,-85.58629617
HET,35.40454639,-96.01388833
HEU,42.85417731,-73.93348972
HEY,31.37413472,-85.65277917
HEZ,31.61817822,-91.29964542
HFD,41.64110469,-72.547418
HGO,38.8175,-103.6213889
HGR,39.69772661,-77.85571811
HGT,35.96116667,-121.1891667
HHH,29.13832364,-98.9392615
HHM,66.90126397,-162.5643824
HIA,45.86178761,-112.1696085
HIB,47.30153131,-92.70404317
HIF,41.12050278,-111.9636806
HIN,42.82883472,-103.0937439
HIO,45.54055556,-122.9486111
HK,35.78652378,-81.30530725
HKY,35.74200381,-81.38967572
HLC,39.25874667,-100.2258503
HLE,43.32977886,-114.2436898
HLG,40.25990181,-80.56862483
HLI,34.77024542,-89.49651892
HLN,46.60682139,-111.9534752
HLV,39.11354083,-92.12823389
HML,48.86918533,-97.11790219
HMN,32.86210389,-106.1091217
HMV,36.43705556,-82.1296
HN,21.32470933,-158.0489996
HNK,42.06305694,-75.31628444
HNL,21.30832169,-157.93041113
HNN,38.75412464,-82.02616761
HNW,38.72472547,-120.7492634
HO,34.42255691,-93.18967619
HOB,32.63823761,-103.2692989
HOM,59.70942917,-151.4565989
HON,44.44008333,-98.31108475
HOT,34.47859511,-93.09061083
HOU,29.64514722,-95.27868611
HP,30.60635053,-90.42117072
HPB,61.51434739,-166.1344806
HPC,33.71811631,-93.65079181
HPW,37.32887,-77.11594361
HQM,46.94704042,-124.1492689
HQT,35.43300722,-78.674776
HRK,42.7621695,-87.81472789
HRL,26.22922475,-97.65226458
HRO,36.31830797,-93.21327158
HRS,34.94299769,-83.91567364
HRT,30.42803392,-86.69029583
HRU,38.69265906,-96.8110345
HRV,29.85019472,-90.00298417
HS,30.45134489,-89.45551283
HSI,40.60453719,-98.42961753
HSL,65.70787619,-156.3630865
HST,25.48997961,-80.37941336
HTO,40.91899572,-72.31670436
HU,38.12361886,-97.92688413
HUH,48.94528686,-122.5792547
HUL,46.03949386,-67.83414
HUO,41.40968661,-74.59159425
HUP,31.56870167,-105.3763186
HUT,37.99691897,-97.93415139
HUW,36.87138403,-91.89999175
HVE,38.41680833,-110.6997406
HVN,41.26231289,-72.88519019
HVQ,38.349676,-81.76991456
HVR,48.54046161,-109.769987
HVS,34.40653044,-80.11977553
HW,39.35344242,-83.87579225
HXO,36.30122178,-78.61851003
HXW,36.65930361,-87.51113583
HY,38.76922825,-99.25128075
HYK,37.96634894,-84.47251703
HYP,37.21943256,-120.4002184
HYR,46.01900694,-91.44639572
HYS,38.84765664,-99.27679108
HZN,39.51640008,-118.9976866
IA,43.10911078,-78.8382995
IAB,37.62185256,-97.26819247
IAG,43.1125455,-78.96023953
IAH,29.95691703,-95.34571903
IC,37.57816342,-97.45581461
ICT,37.74525719,-97.58382833
ICW,64.54569131,-149.0768769
IDA,43.51900525,-112.0639169
IDJ,47.50770678,-94.92330892
IDQ,46.06547222,-116.46475
IDU,29.95561111,-96.56197222
IFI,35.80526611,-98.00391528
IGB,33.48548731,-88.51359003
IGM,35.26051328,-113.9340814
IGN,41.66544961,-73.82222436
IHD,39.97424167,-79.3583675
IHS,38.67851381,-104.7532023
IIP,42.67610181,-105.2262243
IIU,38.10346439,-85.57743658
IJX,39.77652103,-90.23860528
IK,41.01782489,-87.90376842
IKK,41.0743785,-87.85016342
IL,31.02409525,-97.70812358
ILA,39.07117364,-122.0272698
ILC,38.25019278,-114.3942264
ILI,59.74807711,-154.9096393
ILM,34.35164822,-77.87438039
ILR,43.59312981,-118.9550501
IM,35.53286558,-82.58744039
IMB,44.64839167,-119.7116314
IMP,30.26405528,-103.2371194
IMT,45.81604011,-88.11213678
IND,39.73254444,-86.30804722
INK,31.87476336,-103.2437772
INL,48.56579833,-93.40567778
INS,36.58499761,-115.6703313
INW,35.06159978,-110.7950196
IOW,41.51896019,-91.61325253
IPL,32.74886661,-115.508582
IRK,40.13501772,-92.59171464
IRQ,33.70735333,-82.16206444
IRS,41.8131435,-85.43378514
IRW,35.35859703,-97.60922664
IS,40.72902211,-73.19023211
ISN,48.25341347,-103.7506606
ISO,35.37094753,-77.55831522
ISP,40.78951267,-73.10241067
ISQ,45.97633506,-86.17343631
ITH,42.49502661,-76.45972689
ITO,19.72135056,-155.0109542
ITR,39.24624672,-102.2838452
IWA,33.30316939,-111.6514354
IWD,46.53225625,-90.12585019
JA,30.46504247,-81.80164789
JAC,43.6210375,-110.7316853
JAN,32.31042222,-90.06536389
JB,34.54581939,-79.13851353
JBR,35.87491592,-90.58850372
JCT,30.59802114,-99.817481
JD,38.47800425,-89.73796353
JE,38.54804769,-92.07164892
JEF,38.59669444,-92.16746667
JEN,32.15958889,-97.87768056
JFK,40.63288889,-73.77138889
JFN,41.76011711,-80.74811117
JH,32.41304811,-90.26137886
JHW,42.18860694,-79.12130764
JJH,42.99941831,-74.33143833
JL,37.20306578,-94.55856717
JLI,33.14045861,-116.5859347
JMS,46.93287164,-98.67876964
JN,40.18092288,-85.32098216
JNC,39.05956556,-108.7925739
JNU,58.35914722,-134.6332528
JOH,60.48095222,-146.5993353
JOT,41.54641853,-88.31841056
JPU,39.44118036,-81.37476031
JRV,18.24868333,-65.6427
JST,40.31672561,-78.8341665
JVL,42.55800814,-89.10525736
JWJ,42.111293,-92.90874603
JXN,42.25923975,-84.45854933
JYR,40.89754722,-97.61701278
JZ,38.91365142,-95.15369903
JZY,40.51810375,-90.56043981
KOA,19.71723889,-156.0449203
KSY,29.39158611,-98.58105278
LA,40.42644578,-87.05208169
LAA,38.19709203,-102.6875323
LAH,43.70226389,-72.17746253
LAL,27.98619717,-82.01390436
LAR,41.33782,-105.7209324
LAS,36.07970147,-115.1597979
LAW,34.49618192,-98.41309444
LAX,33.93314911,-118.43201277
LB,36.96460711,-100.95626466
LBB,33.70495069,-101.9140104
LBF,41.04870453,-100.7470976
LBL,37.04439458,-100.9711981
LBV,26.828185,-81.39143833
LBY,31.41868272,-89.337602
LC,39.88107163,-82.83601391
LCH,30.14151361,-93.10556917
LCU,41.36295167,-113.8406194
LD,33.66268892,-101.7231075
LDK,33.25886111,-87.53688889
LDN,38.85439844,-78.20557108
LEB,43.67885631,-72.21607369
LEM,45.91976611,-102.1036331
LEV,29.17522944,-90.10401917
LEY,40.2263,-104.71958333
LF,30.28929361,-91.90789108
LFI,37.08555556,-76.35940278
LFK,31.16244189,-94.71683261
LFT,30.19381456,-91.99257133
LFV,42.01718772,-70.03723258
LGA,40.78371558,-73.86860047
LGC,33.04911878,-85.20622144
LGD,45.34248989,-117.962717
LH,40.56035158,-88.87463369
LHO,41.79289761,-112.0097708
LHS,34.68297333,-118.5769381
LIB,35.81162147,-79.61259192
LIH,21.96527133,-159.3380998
LIN,38.07458047,-121.003858
LIT,34.8101,-92.15206666
LJT,43.10977572,-88.03728072
LK,38.14480267,-85.63339361
LKG,32.17447833,-84.10815697
LKI,46.84385103,-92.1859255
LKT,45.02131167,-114.0842367
LKV,42.49284311,-120.5071044
LKX,28.92997056,-99.85478
LLA,29.66322528,-92.3736425
LLC,40.12526258,-118.5775955
LLO,30.796342,-98.78738867
LLW,36.26299778,-76.29803417
LMN,40.59676453,-93.967592
LMT,42.15314158,-121.7275283
LMX,37.36233972,-115.1930583
LNK,40.92379375,-96.74200969
LNR,43.29440278,-90.13314603
LNT,45.648588,-68.55033322
LNY,20.7645,-156.9688889
LO,44.57542417,-111.1975572
LOA,31.1240175,-95.96795611
LOR,31.36158306,-85.74347167
LOZ,37.03315039,-84.11007467
LQ,39.91190272,-89.60316836
LRD,27.47873733,-99.41767892
LRF,34.918064,-92.15766797
LRP,40.11997553,-76.29129536
LSE,43.87612233,-91.25599339
LSF,32.33229444,-84.99311666
LSU,30.48513375,-91.29406661
LSV,36.24465556,-115.0250833
LTJ,45.71358333,-121.1008333
LTS,34.66292778,-99.27116389
LUA,38.69931797,-78.47236075
LUF,33.53768333,-112.3802111
LUK,39.10725467,-84.422842
LUR,68.87125442,-166.076004
LVD,56.46770889,-133.0831136
LVL,36.81803583,-77.90296806
LVM,45.70248158,-110.4424518
LVT,36.58450944,-85.16662306
LVZ,41.27279892,-75.68946622
LW,37.78227203,-80.468557
LWB,37.86386472,-80.39181753
LWL,41.14480156,-114.9775113
LWM,42.74041831,-71.09485028
LWT,47.05297008,-109.6061681
LWV,38.76986819,-87.60382756
LY,37.2624225,-79.24313053
LYH,37.25457703,-79.23638053
LYZ,30.97235883,-84.52496964
MA,44.23712438,-85.5471725
MAD,41.31386111,-72.69220278
MAF,32.00934505,-102.19038863
MAI,30.78619575,-85.12446689
MAJ,7.0652875,171.2685773
MAM,25.77083889,-97.52390556
MAP,37.59076528,-91.78856972
MAW,36.55511417,-89.91142194
MAZ,18.25375805,-67.15248527
MB,44.27076375,-86.14274627
MBL,44.27064167,-86.25404442
MBS,43.53164825,-84.07730306
MBW,41.84552222,-106.0042839
MC,31.25450772,-90.51041625
MCB,31.30445278,-90.25820306
MCC,38.66739467,-121.4041614
MCF,27.86116111,-82.51351111
MCG,62.95103219,-155.61138
MCI,39.28528333,-94.73706111
MCK,40.17996341,-100.54478513
MCM,39.65404717,-92.48213647
MCN,32.69118511,-83.64718336
MCW,43.09475708,-93.32987236
MD,37.87023911,-89.24554241
MDO,59.42180444,-146.350015
MDT,40.19739,-76.76360953
MDY,28.20413889,-177.3791944
ME,34.73319144,-79.44370492
MEI,32.37843992,-88.80426647
MEM,35.01510577,-89.98320161
MF,40.7663278,-82.44515097
MFD,40.86861211,-82.5909615
MFE,26.17387664,-98.24078642
MFR,42.35847222,-122.8664167
MG,32.31161519,-86.51063447
MGM,32.22228161,-86.31972708
MGR,31.08226842,-83.80421567
MGW,39.55671525,-79.86041231
MHE,43.77702167,-98.03756547
MHF,29.54634306,-94.74751278
MHK,39.14544325,-96.66872878
MHT,42.86852992,-71.3695345
MHZ,32.43406944,-90.09977222
MIB,48.41539167,-101.3661222
MIE,40.23729258,-85.39403653
MIJ,40.1917,-112.9222528
MIP,41.02339192,-76.66528994
MJ,42.86416853,-71.52884058
MJF,33.06626681,-96.06139319
MKC,39.12319722,-94.59806667
MKG,43.16925281,-86.039378
MKK,21.13811111,-157.1674167
MKL,35.60356539,-88.91042936
MKT,44.21990669,-93.91235631
ML,32.45411678,-92.10431556
MLB,28.10528222,-80.63534
MLC,34.84944092,-95.78234422
MLD,42.19990028,-112.451235
MLF,38.36035556,-113.0132328
MLP,47.45690306,-115.646045
MLS,46.38222658,-105.9535337
MLT,45.58670919,-68.515463
MLU,32.51688311,-92.03600842
MMB,36.3437325,-99.88012194
MMJ,40.488,-80.19383333
MML,44.44841228,-95.82476192
MMM,36.76925247,-114.2774523
MMT,33.92409444,-80.80234167
MNI,33.58789486,-80.20612964
MNL,61.12422631,-146.3522403
MNM,45.18015272,-87.64716531
MOB,30.76062653,-88.30321972
MOD,37.62737444,-120.9578685
MOG,41.72727092,-122.4816857
MOL,37.90052472,-79.10688917
MON,33.56198014,-91.71543917
MOP,43.62282608,-84.73726528
MOS,64.69652464,-162.0712679
MOT,48.26033578,-101.2870711
MOX,45.56541925,-95.96933414
MPV,44.08547697,-72.44936314
MQG,46.38155775,-116.8695103
MQI,35.91531936,-75.69505233
MQO,35.25225508,-120.7595665
MQP,32.72618056,-97.99744167
MRB,39.38557222,-77.84835611
MRF,30.29837247,-103.9547552
MRI,61.21699433,-149.84431977
MRN,35.79599111,-81.62459611
MS,44.85411803,-74.91577436
MSL,34.70686847,-87.49151717
MSN,43.14483492,-89.33969683
MSO,46.90796678,-114.0836523
MSP,44.89649883,-93.23653158
MSQ,38.45432406,-77.90528464
MSS,44.91442161,-74.722718
MT,44.19972278,-87.70222139
MTC,42.61288833,-82.83177097
MTJ,38.50643661,-107.8992886
MTO,39.47789167,-88.28620833
MTQ,33.42533833,-90.98210389
MTU,40.14909575,-110.1270282
MTW,44.12849864,-87.67991817
MUE,19.99805556,-155.6698611
MUO,43.04049072,-115.874601
MVA,38.56529944,-118.0328533
MVC,31.4593255,-87.35253817
MVE,44.97267553,-95.71219233
MVY,41.39621469,-70.61271589
MW,37.8390833,-88.97081872
MWA,37.75437894,-89.01180328
MWH,47.21086333,-119.3168168
MXE,39.91805003,-75.6708215
MXF,32.37936667,-86.36835556
MXQ,39.42969525,-83.8012395
MYS,37.89406611,-86.2445275
MYV,39.09864475,-121.5730575
MZB,32.78220742,-117.2254214
MZV,41.32092103,-90.63821433
MZZ,40.49333067,-85.67925
NBC,32.47903339,-80.71733172
NBS,22.03763639,-159.7851936
NCA,34.70714111,-77.44030083
NEL,40.0448698,-74.3354823
NFG,33.27458611,-117.3863861
NFL,39.41690833,-118.705075
NFW,32.77139056,-97.43930333
NGF,21.45620278,-157.7567611
NGP,27.68627694,-97.29474333
NGS,30.61515556,-86.93736667
NGU,36.94004461,-76.27728192
NHK,38.28104719,-76.41063433
NID,35.68791736,-117.6904966
NIP,30.23485,-81.67505556
NJK,32.831775,-115.6811694
NKT,34.90226417,-76.87479408
NKX,32.86974967,-117.1548647
NLC,36.34411817,-119.9663353
NMM,32.57833889,-88.54523056
NOG,27.89532464,-98.04262756
NPA,30.35794081,-87.31650333
NQI,27.49923825,-97.80560008
NQX,24.58024722,-81.68244722
NRB,30.38861469,-81.42307647
NRR,18.23575278,-65.64372778
NRS,32.56417367,-117.1097509
NSD,32.87989722,-118.4409083
NSE,30.72400556,-87.01805556
NSI,33.23507778,-119.4583972
NTD,34.12328611,-119.1219778
NTU,36.82422258,-76.03704644
NUC,33.02693094,-118.579599
NUN,30.47214169,-87.3359
NUQ,37.43241447,-122.0575848
NUW,48.35493447,-122.6617881
NYL,32.64680056,-114.613455
NZY,32.70253611,-117.2162306
OA,34.75051872,-77.704478
OAB,38.75623747,-109.7492908
OAK,37.72592286,-122.2235857
OAL,38.00326139,-117.7704458
OBH,41.37573556,-98.35359528
OBK,42.22137653,-87.95167039
OBN,18.43825,-72.27445278
OCC,59.54363908,-139.7281706
OCF,29.17747714,-82.22633383
OCN,33.24063375,-117.4177208
OCS,41.59021111,-109.0153286
ODF,34.69587278,-83.29766111
ODG,36.37376894,-97.78812025
ODI,43.91232917,-91.46751617
ODK,57.775036,-152.33984
ODX,41.62374386,-98.94800592
OED,42.47957422,-122.9129336
OFF,41.11723333,-95.90001111
OFK,41.98792842,-97.43456936
OG,44.70150758,-75.35294708
OGD,41.224095,-112.0982408
OGG,20.90647208,-156.4209514
OHY,31.99783414,-83.86179419
OI,42.46010703,-96.46222397
OIN,39.82953442,-100.5377171
OKC,35.37089444,-97.60198333
OKK,40.52777994,-86.05799861
OKM,35.69307433,-95.86595436
OKS,41.40113889,-102.3508611
OKW,33.23786381,-87.24986531
OLK,41.2469075,-85.49739722
OLM,46.97163889,-122.9018333
OLS,31.41495419,-110.8488977
OLU,41.45003158,-97.34081967
OLY,38.71821733,-88.17263758
OMA,41.29550556,-95.88688889
OME,64.48510892,-165.2531737
OMN,29.30325056,-81.11269825
ONL,42.47049881,-98.68692739
ONM,34.3389,-106.8204694
ONP,44.57534972,-124.0605936
OOC,31.65744472,-93.07760778
OOD,39.63607753,-75.30305628
OOM,39.14382181,-86.61301839
OQA,36.42652611,-79.82975917
OQK,67.57011189,-162.9726257
ORF,36.89190469,-76.20032706
ORH,42.26691667,-71.86861667
ORL,28.54272267,-81.33501478
ORT,62.94719942,-141.9126081
ORW,41.55640372,-71.99935331
OS,40.07361616,-83.19806075
OSE,60.79130869,-161.8727597
OSH,43.99043217,-88.55593197
OSI,37.3925,-122.2813028
OSW,37.15751111,-95.20363333
OT,43.61740989,-95.464099
OTB,34.22383153,-88.79735856
OTG,43.64677558,-95.58183377
OTH,43.41550678,-124.1685215
OTK,30.78044417,-83.27972889
OTM,41.02911511,-92.32589592
OTO,35.07226872,-105.9360808
OTT,38.70587089,-76.74474594
OTZ,66.88568203,-162.5399374
OVR,41.16716681,-95.73685322
OWB,37.74355508,-87.16593672
OXI,41.32205878,-86.64928853
OZB,40.87034611,-100.003763
OZR,31.26894861,-85.7263125
PAE,47.91983322,-122.2778018
PAM,30.07400856,-85.57240903
PAN,34.25442711,-111.3352141
PBF,34.24675853,-91.92617636
PBI,26.680055,-80.0864885
PCU,30.56116597,-89.73048817
PDK,33.87563172,-84.29881378
PDN,56.95428333,-158.6475667
PDT,45.69842078,-118.9387104
PDX,45.596625,-122.6037722
PDZ,33.91833689,-117.5299971
PEQ,31.46931433,-103.5747543
PER,36.74653,-97.16015556
PFO,29.14523972,-100.4275769
PGA,36.93104475,-111.4474428
PGO,34.68046458,-94.60900231
PGS,35.62471194,-113.5444667
PGV,35.64002139,-77.38266
PGY,32.61033997,-116.9791
PH,43.52703083,-70.09143416
PHK,26.78274239,-80.69143239
PHL,39.86528056,-75.23365
PHP,44.05823958,-101.6641932
PHX,33.43535494,-112.0079138
PI,40.60561797,-89.59324977
PIA,40.68006956,-89.79275325
PIE,27.90776439,-82.68430919
PIH,42.87038453,-112.6522296
PIK,30.34252222,-95.40587777
PIO,32.52920222,-105.3052408
PIR,44.39455642,-100.162809
PJM,18.03783778,-63.11827194
PK,38.75322008,-94.73684675
PKD,46.89808586,-95.07100983
PKE,34.10197278,-114.6820664
PLL,41.96564167,-89.52422028
PLN,45.63064639,-84.66410839
PMD,34.63139836,-118.0638224
PMM,42.46603383,-86.10480811
PMV,40.94378889,-95.91246944
PN,36.82503333,-97.10053917
PNA,18.57015277,-68.37044444
PND,45.63026836,-123.0458102
PNH,35.23506208,-101.6990309
PNI,6.982328083,158.2020643
PNN,45.32920261,-67.70418608
PNT,40.82120056,-88.73350917
POA,19.54114,-154.9722278
POB,35.16842222,-79.01957222
POE,30.97852361,-93.16349333
POE1,31.11102,-93.219885
POM,34.07838869,-117.7870759
PPR,16.26519444,-61.54013889
PQI,46.77418567,-68.09454717
PR,54.26335444,-130.4239383
PRB,35.67246264,-120.6271076
PRC,34.65166667,-112.4213889
PRX,33.54237858,-95.44829028
PSB,40.91625889,-77.99271694
PSC,46.27026603,-119.1172939
PSI,42.70085964,-83.53277319
PSK,37.08768544,-80.71288242
PSM,43.08446411,-70.83198725
PSP,33.87001511,-116.4297823
PSX,28.76442478,-96.30618092
PTA,19.75928333,-70.57041667
PTD,44.72338972,-74.88269556
PTW,40.22223183,-75.56025083
PUB,38.29425367,-104.4294474
PUC,39.60319167,-110.7535278
PUT,41.95546033,-71.84409483
PUW,46.67423986,-117.2235034
PVC,42.06881672,-70.22344333
PVD,41.72434394,-71.42963861
PVN,21.77224167,-72.26601944
PVU,40.21493678,-111.7213196
PVW,34.08619278,-101.7901869
PWA,35.53294314,-97.64717722
PWE,40.20024211,-96.20629947
PWF,39.07670908,-84.21540256
PWL,41.76977139,-73.60055139
PWM,43.64702778,-70.30782778
PXN,36.71545861,-120.7786836
PXR,33.43301725,-111.9702018
PXV,37.92831983,-87.76237986
PYC,70.32804,-149.6353336
PYE,38.07975667,-122.8678275
PYF,31.86266306,-96.19747194
PYX,36.41234356,-100.7477441
PZD,31.65520583,-84.29310047
RAL,33.95518056,-117.4498278
RAP,43.97603836,-103.0123282
RAV,40.55339292,-76.59938072
RBA,39.850925,-95.42354722
RBG,43.18241528,-123.352242
RBJ,32.07432125,-111.3601867
RBL,40.09890972,-122.2363504
RBS,40.58170139,-88.16426778
RBV,40.20240208,-74.49502611
RBX,35.92049589,-75.69693308
RCA,44.13909358,-103.1017349
RDD,40.50456256,-122.2917015
RDR,47.95705833,-97.406025
RDU,35.87252114,-78.78334211
RDY,39.21327778,-106.8581389
REC,40.54645917,-78.7470225
REO,42.59054861,-117.8681519
REX,26.01063056,-98.23186944
RFD,42.22557772,-89.19927222
RG,44.59782325,-92.64747994
RH,45.62810147,-89.61886639
RHI,45.63378908,-89.45778086
RIC,37.50234781,-77.32027622
RID,39.75500803,-84.83882878
RIL,39.52832178,-107.7196575
RIV,33.90646667,-117.2750389
RIW,43.06573175,-108.4555336
RKA,42.46633056,-75.23922806
RLG,40.00263933,-106.442488
RLY,43.96413833,-107.9508401
RMG,34.16256503,-85.11940725
RNB,39.41819403,-75.13502117
RND,29.51916944,-98.285175
RNW,35.50965506,-77.10662361
RO,33.36536733,-104.4422357
ROA,37.34346275,-80.07039733
ROB,31.50380572,-97.06958361
ROC,43.11795933,-77.67279475
ROD,40.28780083,-84.04309642
ROR,7.368761972,134.5503596
ROX,48.85481388,-95.69380833
RP,45.31800386,-91.80259492
RQR,30.08750014,-90.58862525
RQY,38.89394364,-79.859415
RQZ,34.79723908,-86.63384656
RRS,31.28458733,-85.43120969
RSG,30.01460208,-100.2998451
RSK,36.74839256,-108.0988988
RST,43.78290281,-92.59696
RSW,26.52987522,-81.77576786
RU,29.95864113,-97.94900233
RUE,35.25708228,-93.09460486
RUT,43.52677036,-72.95072236
RWF,44.46727372,-95.12822989
RWO,57.77481603,-152.3245866
RYD,29.96691667,-81.65766667
RYN,32.13878803,-111.1614957
RYV,43.17367108,-88.72528042
RZC,36.24642653,-94.12139058
RZN,45.82044486,-92.37451561
RZS,34.50953372,-119.7709916
SAC,38.4437393,-121.55165286
SAE,41.11910314,-101.7760559
SAF,35.54054097,-106.0649357
SAK,48.10828778,-114.4612444
SAM,38.48518806,-88.08580639
SAN,32.83976944,-117.2528139
SAT,29.64403,-98.4613158
SAU,37.85533417,-122.5227522
SAV,32.1462675,-81.19910556
SAW,46.35892325,-87.39742183
SAX,41.06754128,-74.53830817
SB,34.05647197,-117.36611413
SBI,29.68671972,-94.03797861
SBJ,40.58304425,-74.74179144
SBV,36.67503858,-79.01449917
SBY,38.34500558,-75.51057428
SCB,41.60475442,-96.62883856
SCC,70.19919839,-148.4161596
SCG,48.25990472,-92.47460167
SDF,38.18765555,-85.73758611
SDO,41.40705556,-118.0347222
SDZ,35.21548078,-79.58793681
SE,32.26982456,-86.92755006
SEA,47.43537316,-122.30961611
SEE,32.8253275,-116.9744719
SEG,40.79085919,-76.88404153
SEY,41.16743611,-71.57608611
SFF,47.68045,-117.3199333
SFK,41.69525319,-77.41990578
SFL,31.74811583,-105.08681
SFO,37.61948513,-122.37389347
SG,44.39851906,-88.13275942
SGD,38.17936217,-122.3731526
SGF,37.35594844,-93.33404097
SGH,39.83654092,-83.84495547
SGJ,29.95672989,-81.33021467
SH,38.20179889,-78.95731125
SHB,39.63254236,-85.82431633
SHP,33.98271111,-98.48767222
SHR,44.84229997,-107.0611003
SHV,32.4475,-93.83638889
SHY,38.04061681,-92.60241203
SIE,39.095509,-74.80034394
SIF,36.38170522,-79.76278281
SJ,31.27973591,-100.57623113
SJC,37.37471217,-121.9446686
SJI,30.72597992,-88.359294
SJN,34.42404167,-109.1435306
SJT,31.37495561,-100.4548703
SJU,18.44628058,-65.98950756
SKA,47.61011944,-117.6620694
SKB,17.29518333,-62.74400556
SKE,38.54536178,-89.85164575
SKU,41.52801028,-74.04497472
SL,44.84743352,-122.95101861
SLC,40.76792894,-111.9672053
SLG,36.18924667,-94.48854944
SLI,33.78330108,-118.0547584
SLK,44.38455989,-74.20450597
SLN,38.92513808,-97.62133225
SLP,35.25267778,-81.59879722
SLR,33.19861111,-95.54277777
SLT,41.51275944,-77.97010972
SMA,62.05938678,-163.2819027
SMF,38.69080692,-121.5910019
SMO,34.01024492,-118.4567155
SN,15.11147644,145.710296
SNA,33.67666667,-117.8691667
SNS,36.66383636,-121.6031847
SNY,41.09668242,-102.9829927
SOA,30.58180578,-100.6469333
SOK,21.9003925,-159.5288731
SOT,35.79009917,-83.05236917
SP,43.23400458,-95.32789319
SPA,35.03362589,-81.92701
SPI,39.83973317,-89.67773578
SPS,33.98728736,-98.59347189
SPW,43.16217681,-95.20099183
SPY,57.15699908,-170.2329921
SQ,39.77710997,-85.12988967
SQA,61.09857975,-155.6345795
SQM,56.46458083,-133.097375
SQS,33.46384936,-90.27735056
SRI,56.57190639,-169.6475614
SRQ,27.4070155,-82.56366242
SSC,33.97785556,-80.46624444
SSF,29.25838264,-98.44348033
SSI,31.05051428,-81.44596253
SSM,46.41211019,-84.31487161
SSO,32.269245,-109.2630875
SSR,58.17766103,-135.2588625
ST,17.69196633,-64.88474597
STC,45.54930694,-94.05859975
STJ,39.9605775,-94.92522028
STL,38.8607233,-90.48234888
STP,44.94083333,-93.05944444
STS,38.50818675,-122.8106173
STT,18.35581753,-65.02455467
STV,30.20675944,-98.70575528
STW,40.99581972,-74.86903028
SU,38.63908036,-90.76695822
SUG,35.40650639,-82.26861417
SUR,31.61322102,-83.29048686
SUU,38.24555903,-121.945076
SUX,42.34451553,-96.32364403
SVC,32.63768528,-108.1610672
SVM,42.40864042,-83.59390153
SVN,32.01194306,-81.14086389
SW,41.48580136,-74.22802225
SWB,31.97319444,-92.67708889
SWL,38.05659414,-75.46390106
SWO,36.22424811,-97.08125825
SWR,39.18032278,-120.2696122
SXC,33.37505583,-118.4199097
SXW,39.62947886,-106.9911699
SYA,52.71827222,174.0620833
SYI,35.56197653,-86.43915278
SYR,43.160519,-76.2045585
SYZ,39.40652261,-88.84355467
SZL,38.7357,-93.55043056
SZT,48.29064039,-116.5632121
SZW,30.55622719,-84.37394211
TAL,65.17712464,-152.177549
TAS,36.60876889,-105.9063203
TAY,30.50463778,-82.55290333
TBC,36.12131194,-111.2695878
TBD,29.66432222,-90.82909306
TBE,37.2586575,-103.6000558
TBN,37.74243183,-92.13899433
TCC,35.18220592,-103.5985808
TCH,40.85025914,-111.9819056
TCM,47.14766944,-122.4750389
TCS,33.28250219,-107.280546
TDD,41.98166417,-100.7190339
TDG,33.57515183,-86.04268564
TDT,41.71303194,-79.41727056
TEB,40.84872061,-74.06224272
TEC,37.20860536,-80.40343519
TED,61.16786619,-149.9601413
TFD,32.88585436,-111.9087345
TGE,32.48486806,-85.66931847
THS,39.93322806,-77.95094444
THX,28.50499725,-98.15046675
TII,41.0946655,-83.21497114
TIJ,32.54044167,-116.9527
TIK,35.43650806,-97.37969139
TKA,62.29837808,-150.1052501
TKH,32.24531631,-91.02582633
TKK,7.458954333,151.8418225
TKO,39.80640861,-98.26003667
TNC,65.56173056,-167.9248028
TNP,34.11223453,-115.769905
TNU,41.78388419,-93.10903242
TNV,30.2885265,-96.05823986
TNZ,36.20693922,-90.92311819
TO,41.55343788,-83.92116747
TOG,59.06387519,-160.3756673
TOI,31.83079786,-86.10595108
TOL,41.59370208,-83.79936353
TOP,39.13707778,-95.54916922
TOR,42.06578642,-104.1533645
TOU,48.29989917,-124.6270433
TOY,38.73914961,-89.91859258
TPH,38.03064403,-117.0335035
TPL,31.20933583,-97.42496694
TQA,32.23574306,-99.81678278
TQQ,37.79039933,-116.7792658
TR,36.55550075,-82.31785472
TRI,10.59513889,-61.42230556
TRM,33.62809658,-116.1601936
TRV,27.67842378,-80.48972558
TST,42.55877139,-103.3121464
TTE,35.91305117,-119.0208096
TTH,39.48894175,-87.249013
TTT,32.86915972,-97.04050242
TU,36.09742525,-95.88876552
TUL,36.19625341,-95.78809038
TUS,32.09520267,-110.914855
TUT,-14.33213783,-170.71951075
TV,44.73455347,-85.42904608
TVC,44.66791586,-85.55001119
TVF,48.06931267,-96.18647447
TW,42.47863761,-114.3544413
TWF,42.47985033,-114.4894583
TX,34.01991725,-83.86285747
TXC,39.6983175,-103.2149386
TXK,33.51388119,-94.07324214
TXO,34.49512669,-102.8396633
TYI,35.97672361,-77.70373167
TYR,32.35586742,-95.40346539
TYS,35.81625,-83.99590556
UAM,13.59121944,144.9465778
UBG,45.35323286,-122.9781472
UC,36.297602,-88.9948685
UCA,43.02651417,-75.16452194
UCP,41.02300964,-80.41584331
UG,42.46389511,-87.80135558
UGS,39.25725967,-82.12597042
UI,39.88689028,-91.25367486
UIM,32.88048164,-95.36689142
UIN,39.84787469,-91.27892447
UJM,34.57504661,-90.67440142
UKN,43.28008547,-91.53736183
UKS,5.3530685,162.9569082
UKW,33.53588689,-97.82127856
ULL,63.69232972,-170.4699031
UMB,33.15186944,-83.15956389
UNK,63.89194036,-160.6842746
UNZ,13.45454861,144.7333211
UOT,34.684,-81.64233333
UPP,20.20054111,-155.8432667
UQN,32.22366875,-82.29744753
URH,33.94418428,-96.39183653
UTI,37.01761944,-113.5179
UTO,65.99516136,-153.6937594
UTX,26.90897417,-80.33504861
UU,35.01553889,-88.61568056
UUC,40.90401666,-117.80193888
UV,36.5900943,-79.91746522
UWL,39.87997011,-85.31883458
UZ,34.89002517,-81.08092369
VAD,30.96008333,-83.19345
VAN,33.47483,-80.44864278
VBG,34.73255442,-120.5830578
VCN,39.53767111,-74.96714389
VCT,28.90031833,-96.97893469
VCV,34.59416278,-117.3899971
VEL,40.37888253,-109.4932841
VGT,36.21003333,-115.1892694
VHP,39.81472906,-86.36749978
VIH,38.15407194,-91.70677194
VIO,42.78671728,-85.49707278
VIT,37.20406183,-79.88163508
VKZ,25.75190153,-80.15444344
VLA,39.093775,-89.16236666
VNA,32.21344278,-83.49725639
VNN,38.36195378,-88.80733697
VNY,34.2234585,-118.4916744
VOK,43.94283333,-90.25904722
VP,41.45122703,-86.87732169
VQK,38.76594141,-77.02739402
VTN,42.8616245,-100.5496464
VTU,34.11506461,-119.0494987
VU,35.4891645,-80.08341375
VUH,29.26933442,-94.86772522
VUZ,33.67013233,-86.89983717
VV,39.88277055,-79.74471166
VXV,35.90483875,-83.89472089
WLK,66.59947608,-159.9908284
WRB,32.641,-83.590575
WVI,36.93920263,-121.78544316
WYS,44.67576944,-111.1281694
XAA,31.01389444,-104.2068972
XCR,46.07922556,-94.34347556
XKD,34.78300555,-81.19830833
XSF,39.83812986,-83.84062539
XUB,39.52688392,-82.97794092
XYC,37.75799778,-84.03023056
YAK,59.51083106,-139.6481273
YBC,49.13402161,-68.22203011
YBR,49.90489166,-99.93938611
YCD,49.12787028,-123.8716053
YDC,49.38155417,-120.3737183
YDP,56.5337988,-61.69177772
YIP,42.23423631,-83.52271533
YIX,49.47694444,-94.04666666
YJX,45.92505627,-70.84603844
YKM,46.57024217,-120.4446366
YKN,42.91837475,-97.38497714
YN,41.20052397,-80.59618781
YNG,41.33102539,-80.67466503
YOC,67.57117472,-139.8462383
YOW,45.44170306,-75.89693444
YP,9.499463056,138.0884835
YQL,49.63439922,-112.6677847
YQT,48.2537675,-89.43757694
YRK,38.64413306,-82.97833944
YTS,48.57207236,-81.37004827
YUC,48.01712777,-71.26928055
YUL,45.61583333,-73.97083333
YVO,48.17508055,-77.82075555
YVR,49.07731944,-123.1490722
YVV,44.744725,-81.10531944
YWL,52.23694444,-122.1697222
YXC,49.55498583,-116.0877028
YXL,50.11805556,-91.89777778
YXU,43.03791056,-81.14892961
YXY,60.61888889,-135.1388889
YYC,51.11525277,-113.88203055
YYJ,48.72704028,-123.4843597
YYR,53.31961944,-60.29399722
YYY,48.61214306,-68.20898667
YYZ,43.65802042,-79.63143131
YZP,53.25222083,-131.8069722
YZT,50.68451688,-127.36596352
ZBV,25.70391666,-79.29363888
ZFP,26.51839166,-78.77506666
ZQA,25.0255,-77.44641667
ZSJ,24.06156111,-74.53481111
ZTC,26.73472222,-77.37916667
ZUN,34.96575333,-109.1545094
ZZV,39.94085864,-81.89260242
BHC,31.71202389,-82.39017078
BVS,48.46859833,-122.4184131
CMY,43.93782425,-90.64185769
CPC,34.27322686,-78.71197222
OC,31.48555556,-94.72019444
AA_OLD,33.53328333,-82.61436944
AB_OLD,32.29886325,-99.67422803
ABQ_OLD,35.03819,-106.6084181
AHQ_OLD,41.23916944,-96.59835972
AI_OLD,34.23234622,-96.93310883
ALB_OLD,42.74230003,-73.82206589
AN_OLD,29.60765628,-98.56974069
AST_OLD,46.16169819,-123.8803766
BDR_OLD,41.16138889,-73.12583333
BNA_OLD,36.115,-86.66
BOI_OLD,43.55595,-116.2196361
BOS_OLD,42.35704536,-70.99016872
BQN_OLD,18.49800222,-67.10834922
BR_OLD,40.65435739,-91.12322608
BT_OLD,44.5322875,-73.24953397
BTV_OLD,44.47082042,-73.15545781
BU_OLD,39.819279,-83.204632
BUF_OLD,42.939225,-78.73419722
BWG_OLD,36.92874119,-86.44343386
CHS_OLD,32.90558333,-80.04119444
CL_OLD,48.15019944,-123.6702508
CLT_OLD,35.22472222,-80.95666667
CO_OLD,43.11877694,-71.45242944
CV_OLD,34.35069494,-103.1744061
CZF_OLD,61.79037828,-165.9700603
DEN_OLD,39.870467,-104.6548318
DSM_OLD,41.53899808,-93.65742564
EL_OLD,31.86029569,-106.3177662
ELP_OLD,31.80444444,-106.3661111
EWR_OLD,40.703384,-74.18742253
FOE_OLD,38.95166675,-95.66694453
GB_OLD,44.50206314,-95.91097344
GEG_OLD,47.61363889,-117.5278611
GF_OLD,47.84646475,-97.18151692
GL_OLD,39.29378247,-101.6003461
GM_OLD,34.33729628,-77.81178239
GON_OLD,41.325,-72.05055556
GR_OLD,44.44047108,-88.23951983
GW_OLD,33.59206358,-90.08440731
HFD_OLD,41.73493333,-72.65143056
HNL_OLD,21.31866972,-157.9303848
HO_OLD,44.44386933,-98.33678772
HU_OLD,39.38781767,-87.39772322
ICT_OLD,37.63703528,-97.43375997
IDU_OLD,29.9560575,-96.56219417
IL_OLD,39.49303261,-83.73818114
JN_OLD,35.47499914,-78.42528564
LAX_OLD,33.74585083,-118.3361831
LB_OLD,41.06832983,-100.5724314
LC_OLD,43.53664722,-71.53703056
LF_OLD,31.21887772,-94.825161
LIT_OLD,34.67767289,-92.18052825
LSF_OLD,32.33236972,-84.99326361
MA_OLD,31.98809611,-102.3251517
MAF_OLD,31.94095833,-102.2018056
MAZ_OLD,18.25645258,-67.15103375
MB_OLD,43.46149803,-84.17983281
MCK_OLD,40.20379783,-100.5942248
MD_OLD,40.24638775,-76.90069525
MEM_OLD,35.04994444,-89.98141667
MF_OLD,26.25383639,-98.31049347
MRI_OLD,61.21719036,-149.8437776
MSP_OLD,44.89027778,-93.22944444
MW_OLD,47.11571114,-119.2745094
NEL_OLD,40.03697106,-74.35314364
OS_OLD,43.87386125,-88.55759947
OTG_OLD,43.64691708,-95.58195878
PH_OLD,42.84303283,-82.59664603
PI_OLD,27.99524053,-82.70383333
PK_OLD,39.25401156,-81.48494233
PNA_OLD,18.56725833,-68.38331389
PVD_OLD,41.72361111,-71.42666667
PWE_OLD,40.20035278,-96.20628111
ROX_OLD,48.85475708,-95.69497156
RU_OLD,35.73312258,-80.48956539
SAC_OLD,38.50972222,-121.4944444
SAT_OLD,29.53361944,-98.46998889
SB_OLD,41.70563942,-86.21898433
SDF_OLD,38.17793056,-85.73623889
SEA_OLD,47.45555556,-122.3013889
SFO_OLD,37.62031583,-122.3656463
SJ_OLD,18.40890894,-66.08955839
SL_OLD,38.68153733,-97.64502039
SLR_OLD,33.19856014,-95.54259603
SP_OLD,39.77314856,-89.75986636
ST_OLD,39.67580303,-94.90692536
STL_OLD,38.74326025,-90.36600158
SUR_OLD,31.61296611,-83.29071167
SW_OLD,48.86275194,-95.24187733
TO_OLD,39.12036558,-95.68708364
TU_OLD,34.18035303,-88.76867844
TUL_OLD,36.20009444,-95.88360278
TUT_OLD,-14.33259181,-170.7082766
TX_OLD,33.52410556,-93.90604722
UV_OLD,34.38509103,-89.62597672
VLA_OLD,39.09383903,-89.16224419
VV_OLD,33.64641111,-83.02176667
YBR_OLD,49.9099975,-99.9456625
YTS_OLD,48.57192694,-81.36995417
YVV_OLD,44.74472222,-81.105
YYC_OLD,51.115,-113.8811111
YZT_OLD,50.68414003,-127.3653044
ZBV_OLD,25.70416667,-79.29444444
ZFP_OLD,26.55534722,-78.69784722
AES,62.94927011,-141.9097814
AFE,56.96391667,-133.9118889
AFK,40.60535983,-95.86095497
AKP,68.136625,-151.744227
AMF,67.10524242,-157.8601496
ANV,62.6414585,-160.1853337
ATK,70.46906425,-157.4274952
ATL,33.62907661,-84.43506508
ATS,32.85270047,-104.4605179
AUB,58.73716761,-156.7783081
AUW,44.84677675,-89.58657794
AVQ,32.41183822,-111.215586
AWS,32.292675,-85.02326444
AZC,36.96006439,-113.0091756
AZE,31.87982697,-82.64736475
BES,34.62021278,-79.73320028
BEX,40.74502167,-92.43046306
BQM,38.23021939,-85.66474478
BSF,19.76335556,-155.5943556
BTS,58.99960678,-158.5482742
BV,35.70320869,-91.79770789
BZ,32.41537356,-81.66403297
CAT,40.74081972,-74.42981778
CDX,36.99625683,-84.68120864
CIR,37.06109847,-89.22317839
CKC,47.84005406,-90.38557275
CQR,67.50238722,-148.469395
CVM,38.89229239,-90.05628392
CYT,60.08617944,-142.4887631
DAA,38.66158944,-77.11010583
DAB,29.18109444,-81.05588889
DAN,36.56887983,-79.33665961
DIW,34.56853611,-77.45293611
DJD,34.25234469,-84.48757558
DLC,34.45013417,-79.36882361
DO,45.83459228,-89.7302805
DS,35.12251111,-91.76160556
DTE,35.48189422,-84.9309035
DXB,30.75213564,-93.33472058
EAV,66.89318875,-151.5637221
ECY,30.559825,-92.44808056
EEX,32.66653211,-82.45270744
EI,36.27503311,-97.79076328
EOK,40.46469444,-91.43358333
EOP,39.16722969,-82.93161317
FIS,24.54834172,-81.78638756
FKN,36.71423453,-77.01237467
FKV,34.20337558,-83.90631875
FL,34.17412539,-79.85267883
FN,41.75154528,-90.39035403
FOZ,47.78346267,-93.65323992
FQW,35.96124022,-86.37097669
FTO,66.58002703,-145.2127247
GEY,44.51151831,-108.0829154
GG,32.45551072,-94.79757819
GLA,62.19554325,-145.4677214
GN,38.12456725,-84.50694844
GY,34.69115147,-82.44364228
HCY,44.91400531,-108.4431837
HIC,43.57485361,-85.71616194
HKF,39.49878203,-84.44749919
HLB,39.3463,-85.25879722
HNS,59.21209056,-135.4308564
HOE,31.05545775,-82.77193472
HQG,37.16361675,-101.3747104
HR,26.30516678,-97.65751639
HSV,34.63972222,-86.77361111
HUR,36.23329172,-79.06590147
HYE,31.37606722,-85.65378167
HYW,33.82329444,-79.12822222
IB,48.82516639,-91.57761167
ICK,55.07088028,-131.6050094
IFM,31.42865636,-83.48887056
IME,57.04734783,-135.3657963
IN,36.07097989,-80.16687244
INA,40.89927758,-117.8121915
IOB,38.05994761,-83.98162394
ION,48.71019194,-117.4135758
IY,43.13391694,-92.72819139
IZS,32.36719769,-84.00677872
JAX,30.49357222,-81.6926
JAY,43.57626039,-92.91865292
JDM,39.50985519,-101.0476512
JNR,63.90771053,-160.8119081
JUH,36.43401533,-81.32181669
JUY,31.30509358,-86.39089469
JV,38.47396514,-85.73722561
JXT,36.11055753,-83.47563236
JYL,32.64916558,-81.59425764
LCQ,30.18531989,-82.57859081
LE,37.98704556,-84.66044919
LFD,42.06248944,-84.7651325
LI,34.66903881,-92.30539661
LIA,42.98267278,-115.7742519
LKR,34.72268711,-80.85918033
LLD,20.77244444,-156.9734167
LN,40.74718633,-96.76242914
LQL,41.68240692,-81.37901042
LS,44.00404647,-91.26066528
LWG,44.61359333,-123.270655
LXY,31.63958436,-96.51225764
MEF,42.39161503,-122.87884
MHM,63.88388603,-152.3161827
MNO,28.28000667,-97.20582528
MOQ,31.83120081,-81.51018914
MQW,32.09610561,-82.88223153
MQY,36.00673025,-86.50852308
MTH,24.71188239,-81.09531442
NDJ,8.720875,167.7277556
NOW,48.13990278,-123.4033861
NRN,39.85527808,-99.89030694
OAY,64.69552358,-162.0637119
ODR,37.32420069,-79.97898589
OEL,39.11253103,-100.8153026
OLT,60.47485003,-150.8787634
OP,32.9193,-84.18713889
OR,36.84048861,-76.25133367
OW,42.11973056,-71.12845278
OWC,31.40483778,-82.92375667
OZ,31.22560806,-85.81583583
PCW,41.51872453,-82.86879331
PEA,41.40452967,-92.94464467
PEE,62.33104447,-150.0964082
PFH,42.25310919,-73.72341278
PGD,26.91677142,-81.99124764
PHH,33.45145833,-79.52723889
PHO,68.34463092,-166.7982242
PIZ,69.73647825,-162.9962939
PJ,60.43944361,-134.861365
PKZ,30.43707814,-87.17837503
PLT,41.49656278,-97.38177936
PLX,39.01411261,-87.64160781
PNM,45.5646545,-93.60760183
POY,44.86682153,-108.7863132
PQF,32.80936694,-96.52911972
PVQ,70.22265528,-148.4162151
PXT,38.28785625,-76.40023097
PYA,42.64395339,-77.05618314
QQ,49.75396528,-124.9580536
RCX,45.50182981,-91.00112728
RNL,37.97531058,-80.80650781
ROQ,32.60873525,-92.58846144
ROS,45.69558208,-92.95471214
RPF,32.18024858,-94.29642836
RVN,36.45593328,-82.88437581
RYS,42.10112339,-83.15297711
SAA,41.44498217,-106.8321347
SDR,32.70140289,-100.9461279
SHH,66.25808517,-166.0523888
SIT,56.85461972,-135.5343531
SMS,33.99079822,-80.36002536
SMY,30.87164206,-85.22505747
SRE,35.27185686,-96.67481328
SV,32.00410408,-80.98621975
SYF,39.72815,-101.76683
SYS,40.08569544,-78.9165485
TC,33.15846447,-87.67029678
TCU,42.03393222,-83.88633
TE,40.80443222,-74.13248622
TN,45.06139314,-87.69636558
TP,28.08543225,-82.52517778
TT,34.50581731,-91.58177481
UDG,34.44323917,-79.88734222
UK,39.27598286,-123.2406634
UKK,70.63760803,-160.0094039
ULS,37.59711297,-101.3680154
ULW,42.09415478,-77.02480644
UMP,39.93770814,-86.05023275
UN,40.91019467,-77.74173267
UNU,43.42900575,-88.70217072
UQS,70.21217581,-151.0008314
UTS,30.74074883,-95.59086794
VBI,49.47694444,-94.04666667
VHN,31.06170408,-104.7867375
VIR,71.28230033,-156.7812684
VLN,50.66694444,-104.8897222
VLV,45.92505628,-70.84603844
VOF,33.62972797,-83.78207911
VTR,62.94685739,-155.5573092
VYI,20.88086189,-156.442596
WC,49.00333333,-122.7502778
XX,49.01539444,-122.4876631
YAZ,49.04680556,-125.7041111
YEL,46.37168972,-82.62828917
YFC,45.89527778,-66.41888889
YHD,49.86436389,-92.84903833
YJ,48.64426306,-123.3993578
YK,42.84371747,-97.30212178
YQB,46.7053075,-71.62625981
YQI,43.82509611,-66.08243167
YQM,46.18895556,-64.5707525
YSB,46.62918139,-80.79823028
YSJ,45.40729528,-65.87022139
YWG,49.92777,-97.23918972
YXQ,62.40416667,-140.8616667
YYN,50.29694444,-107.6902778
ZT,50.69944444,-127.4255556
